Workbook

Sheet 기능 점검표_v1
A1: KONNECT 기능 요구사항 달성 점검표_v1 | H1: E 테스트 → G~I 기록 → F 문제 → J 팀장 판정 | AI 기본틀 변경 전 협의
A2: 고유 QA | B2: =COUNTA(A16:A40) -> 25 | C2: 1차 점검 | D2: =COUNTIFS(B16:B40,"*1차*") -> 19 | E2: 후속 점검 | F2: =COUNTIFS(B16:B40,"*후속*") -> 7 | G2: 1차·후속 공통 | H2: QA-C02 | I2: 운영 기준 | J2: 상단 + 펼치기
A4: 목적: v1 기능 동작·기획 요구사항을 공동 점검합니다. 기준: 승인된 25개 시나리오·2026-10-08 UX/UI 인계. 작성일: 2026-10-09.
A5: 10/8 협의: A 완성도 우선. 10/12 v1 배포 목표, 10/13 팀 평가·멘토링 예정입니다. 실제 구현·배포 완료 여부는 아직 확인하지 않았습니다.
A6: 최종 판정(J열, 팀장 용택님): G~I열의 해당 담당자 검토 결과와 확인 내용 및 E열 실제 테스트를 종합합니다. 필수 Product·UX·Tech 기준이 모두 확인된 경우에만 ‘충족’으로 판정합니다. 일부 조건만 충족하면 ‘부분 충족’, 필수 결과를 만족하지 못하면 ‘미충족’, 미실행·확인 내용 부족·의견 미해결은 ‘미확인’으로 둡니다. ‘범위 제외’는 팀에서 v1 제외를 확인한 경우만 사용합니다. AI 검토 의견만으로 ‘충족’ 처리하지 않습니다.
A7: 중요도(P=실패 시 영향도): P0 치명적(핵심 사용 불가·잘못된 추천·선택 손실) / P1 주요(주요 기능·사용 흐름 문제) / P2 경미(세부 사용성·안정성). P등급은 발견된 오류가 아니라 사전 위험도입니다. 1차/후속은 점검 시점이며, v1에 노출된 P0 위험은 1차에 우선 확인합니다.
A8: 작성 순서: E열 공통 테스트 → G~I열에서 각자 ‘확인 기준’을 읽고 ‘검토 결과’와 ‘확인 내용’ 작성 → F열에 공통 문제·후속 조치 정리 → 용택님이 J열 최종 판정. G~I열의 확인 기준은 지우지 않습니다. 검토 결과는 ‘확인 완료 / 문제 발견 / 확인 불가’로 간단히 기록하고, 미실행은 ‘미실시’로 둡니다. 확인 내용에는 정상 사례는 확인한 사실 한 줄, 문제는 발생 조건·현상, 확인 불가는 이유를 적습니다. 화면·로그·이슈 링크는 중요한 오류나 판단이 엇갈리는 경우에 추가하면 됩니다. F열 참고사항은 유지하고 공통 문제가 없다면 ‘특이사항 없음’으로 기록합니다. QA-C02의 단계별 결과는 F열 상단에서 관리합니다. AI 공동 편집 주의: 이 시트는 공동 QA 기준본입니다. 개인 검토는 G~I열의 각자 ‘검토 결과·확인 내용’에, 공통 문제는 F열 ‘공통 문제·후속 조치’에 기록하고 기존 검증 기준·참고 문구를 유지합니다. J열 최종 판정은 팀장 관리입니다. QA ID·단계·중요도·기본 행/열·기대 결과·담당자별 확인 기준·수식·드롭다운·필터·후속 연동은 AI가 임의로 추가·삭제·변경하지 마세요. 구조·기준의 변경이 필요하면 먼저 팀에 제안해 합의한 뒤 반영합니다.
A9: 후속은 공식 2차 평가 범위 확정안이 아닙니다. 1차 결과·용택님 개발 계획·희영님 UX 개선을 바탕으로 팀에서 협의합니다. 포함됐다는 이유로 신규 개발·MVP 변경이 확정되지 않습니다.
A10: 역할: 민규(Product)는 기획 요구사항·결과 정확성을 G열에, 희영님(UX/UI)은 사용자 이해·흐름을 H열에, 용택님(Tech)은 실제 구현·예외 동작을 I열에 검토 결과와 확인 내용으로 작성합니다. 비대상 ‘—’ 셀은 건드리지 않습니다. 팀장 용택님은 세 사람의 검토를 종합해 J열을 최종 관리하며, Product 기준에 이견이 남으면 민규님과 협의하고 UX·Tech 쟁점도 담당자 확인 후 판정합니다.
A11: 기획 원본 링크 | B11: =HYPERLINK("https://github.com/codyssey-ai-native-final-team/planning/blob/main/product/README.md","Product README") -> Product README | C11: =HYPERLINK("https://github.com/codyssey-ai-native-final-team/planning/blob/main/product/02-input-recommendation-rules.md","입력·추천 02") -> 입력·추천 02 | D11: =HYPERLINK("https://github.com/codyssey-ai-native-final-team/planning/blob/main/product/03-data-trust-policy.md","가격·신뢰 03") -> 가격·신뢰 03 | E11: =HYPERLINK("https://github.com/codyssey-ai-native-final-team/planning/blob/main/product/04-route-time-rules.md","루트·시간 04") -> 루트·시간 04 | F11: =HYPERLINK("https://github.com/codyssey-ai-native-final-team/planning/blob/main/product/05-ux-handoff.md","UX 인계 05") -> UX 인계 05 | G11: =HYPERLINK("https://github.com/codyssey-ai-native-final-team/planning/blob/main/product/07-mobile-web-guideline.md","모바일 웹 07") -> 모바일 웹 07
A12: UX·인계 링크 | B12: =HYPERLINK("https://www.figma.com/design/YQCE7JXtvy0fP1pLTwnS7k/Konnect-Design?node-id=343-2398","Figma 10/8") -> Figma 10/8 | C12: =HYPERLINK("https://github.com/codyssey-ai-native-final-team/docs/issues/8#issuecomment-6058161730","A 변경 #8") -> A 변경 #8 | D12: =HYPERLINK("https://github.com/codyssey-ai-native-final-team/docs/issues/9#issuecomment-6058162107","B 변경 #9") -> B 변경 #9 | E12: =HYPERLINK("https://github.com/codyssey-ai-native-final-team/docs/issues/12#issuecomment-6058162532","저장·가입 #12") -> 저장·가입 #12 | F12: =HYPERLINK("https://github.com/codyssey-ai-native-final-team/docs/issues/10#issuecomment-6058162918","기존 일정 #10") -> 기존 일정 #10 | G12: 지정 원본 11개 접근 확인
A13: 원본 차이: Product README에는 P-09 걷기 단독 체크박스 기준이 남아 있습니다. 이 표는 승인안·05·10/8 인계의 관심사 + 추가 선호 자유입력 → AI 해석 확인·수정 → 저장을 적용합니다.
A14: 검증 준비: 동일한 앱 버전과 테스트 환경을 사용하고, G~I 담당자는 실제 확인한 내용이나 문제를 한두 줄로 작성합니다. 중요한 문제나 판정 이견이 있을 때 입력조건·환경·화면/이슈 링크를 추가합니다. F열에는 공통 주의사항을 유지하고 해결이 필요한 문제·조치를 요약합니다. A 대표 조건은 시간·운영 / 무료·예산·가격 미확인 / 걷기 선호·제외조건이며, A06 정보 2사례·A07 0건·A08 저장과 B 대표 루트 1건을 재사용합니다. AI 1차 검토 후 실제 사용 검증을 통해 최종 판정하며 전체 데이터 전수검사는 요구하지 않습니다.
A15: 점검 ID | B15: 점검 단계·중요도 | C15: 관련 화면·흐름 | D15: 사용자 관점 요구사항 | E15: 실제 확인 방법·기대 결과 | F15: 비고·후속 조치 | G15: 민규 · Product | H15: 희영님 · UX/UI | I15: 용택님 · Tech | J15: 최종 점검 결과
A16: QA-A01 | B16: 1차/P0 | C16: LF-02 → LF-03 필수 입력·정상 요청 | D16: 출발점·시작 시각·종료 시각을 입력하여 A 추천을 요청할 수 있어야 합니다. | E16: 유효한 위치·시간을 입력하고 결과까지 진행해주세요. 기대: 현재 위치·시각 기본값을 수정할 수 있고, 종료 시각은 사용자가 지정하며 입력 조건이 실제 추천 요청에 반영됩니다. | F16: 검증 시 참고: 종료 시각에는 자동 기본값이 없으며, 시작 시각을 변경해도 종료 시각을 임의로 연장하지 않습니다. 공통 문제·후속 조치: 발견 시 기록 (없으면 특이사항 없음) | G16: 확인 기준: 출발점·시작·종료 시각이 정해진 정책대로 사용되고, 종료 시각을 임의로 설정하지 않는지 확인합니다. 검토 결과: 미실시 확인 내용: 실제 확인한 내용이나 문제를 간단히 기록 | H16: — | I16: 확인 기준: 사용자가 수정한 출발점·시간이 추천 요청에 전달되고 결과 생성에 반영되는지 확인합니다. 검토 결과: 미실시 확인 내용: 실제 확인한 내용이나 문제를 간단히 기록 | J16: 미확인
A17: QA-A02 | B17: 1차/P1 | C17: LF-02 시간 오류·위치 권한 거부 | D17: 시간 오류나 위치 권한 문제를 수정하고 다시 진행할 수 있어야 합니다. | E17: 30분 미만, 시작·종료 시각 오류, 위치 권한 거부를 확인해주세요. 기대: 최소 30분·시작일 24:00 종료 경계를 적용하고 오류 안내·수정이 가능합니다. 위치 권한 거부 시 직접 입력할 수 있습니다. | F17: 검증 시 참고: 시간·위치 입력이 잘못된 상황은 정상 입력에서 추천 결과가 0건인 상황(QA-A07)과 구분합니다. 위치 권한을 거부한 경우에는 출발점을 직접 입력할 수 있어야 합니다. 공통 문제·후속 조치: 발견 시 기록 (없으면 특이사항 없음) | G17: — | H17: 확인 기준: 시간 오류·위치 권한 거부 시 안내를 이해하고 수정하거나 위치를 직접 입력할 수 있는지 확인합니다. 검토 결과: 미실시 확인 내용: 실제 확인한 내용이나 문제를 간단히 기록 | I17: 확인 기준: 최소 30분·당일 24시 시간 경계를 적용하고, 위치 권한 거부 후 직접 입력이 동작하는지 확인합니다. 검토 결과: 미실시 확인 내용: 실제 확인한 내용이나 문제를 간단히 기록 | J17: 미확인
A18: QA-A03 | B18: 1차/P0 | C18: LF-02 → LF-03 자연어 조건 해석 | D18: 자연어의 필수 조건(Hard)·선호(Soft)·제외조건을 구분하여 추천에 반영해야 합니다. | E18: 대표 걷기 선호와 명시적 제외조건을 입력하고 실제 결과와 비교해주세요. 기대: 선호를 임의의 필수 제한으로 바꾸지 않고 명시적 제외조건을 무시하지 않습니다. | F18: 검증 시 참고: 대표 사례는 걷기 선호와 명시적 제외조건을 함께 포함합니다. 해석 오류가 있으면 실제 입력 문장과 추천 결과를 함께 기록합니다. 공통 문제·후속 조치: 발견 시 기록 (없으면 특이사항 없음) | G18: 확인 기준: 사용자 문장에서 필수 조건·선호·제외조건을 구별해 Product 기준대로 해석하는지 확인합니다. 검토 결과: 미실시 확인 내용: 실제 확인한 내용이나 문제를 간단히 기록 | H18: — | I18: 확인 기준: 걷기 선호를 강제 제한으로 바꾸지 않고, 명시된 제외조건이 실제 추천 결과에 반영되는지 확인합니다. 검토 결과: 미실시 확인 내용: 실제 확인한 내용이나 문제를 간단히 기록 | J18: 미확인
A19: QA-A04 | B19: 1차/P0 | C19: LF-02 → LF-03 시간·운영·이동 적합성 | D19: 실제 이용 가능한 시간과 명시된 필수 조건에 맞는 경험을 추천해야 합니다. | E19: 출발점·가용시간을 지정하고 운영시간·입장마감·이동조건·기존 고정 일정과 결과를 대조해주세요. 기대: 알려진 필수 조건과 충돌하는 장소를 정상 추천으로 표시하지 않습니다. | F19: 검증 시 참고: 시간·운영 적합성은 확인 가능한 운영시간·입장마감·이동 근거와 대조합니다. 근거가 미확인인 부분은 실제 이용 가능하다고 단정하지 않습니다. 공통 문제·후속 조치: 발견 시 기록 (없으면 특이사항 없음) | G19: 확인 기준: 추천 장소가 운영시간·입장마감·이동시간·기존 일정의 필수 조건과 충돌하지 않는지 확인합니다. 검토 결과: 미실시 확인 내용: 실제 확인한 내용이나 문제를 간단히 기록 | H19: — | I19: 확인 기준: 실제 운영·이동 데이터와 시간 계산을 대조해 이용 불가능한 후보가 정상 추천되지 않는지 확인합니다. 검토 결과: 미실시 확인 내용: 실제 확인한 내용이나 문제를 간단히 기록 | J19: 미확인
A20: QA-A05 | B20: 1차/P0 | C20: LF-02 → LF-03 예산·무료·가격 판정 | D20: 무료·예산 상한·가격 미확인을 정확히 구분해야 합니다. | E20: “Free only” 또는 명확한 금액 상한을 입력하고 실제 가격 근거와 대조해주세요. 기대: 유료·가격 미확인을 무료로 처리하지 않고 조건부 할인·확인되지 않은 가격으로 예산 충족을 판정하지 않습니다. | F20: 검증 시 참고: 무료·예산 테스트에는 가격 출처를 함께 남깁니다. 조건부 할인과 금액 미확인을 일반적인 무료·예산 충족 근거로 사용하지 않습니다. 공통 문제·후속 조치: 발견 시 기록 (없으면 특이사항 없음) | G20: 확인 기준: 무료 요청·금액 상한·가격 미확인 판정이 기존 가격 정책과 일치하는지 확인합니다. 검토 결과: 미실시 확인 내용: 실제 확인한 내용이나 문제를 간단히 기록 | H20: — | I20: 확인 기준: 가격 근거와 조건부 할인을 확인하고, 미확인 가격을 무료나 예산 충족으로 처리하지 않는지 확인합니다. 검토 결과: 미실시 확인 내용: 실제 확인한 내용이나 문제를 간단히 기록 | J20: 미확인
A21: QA-A06 | B21: 1차/P0 | C21: LF-03 → LF-06(선택) 판단정보·신뢰 표시 | D21: 추천 이유·시간 적합성·가격·이동·예약·미확인 정보를 이해하고 다음 행동을 결정할 수 있어야 합니다. | E21: 정보가 확인된 후보 1건과 일부 정보가 미확인된 후보 1건을 확인해주세요. 기대: 표시가 실제 근거와 일치하고 미확인을 구체적으로 구분합니다. 가능한 공식 상세·예약·길찾기 경로로 올바르게 연결됩니다. 추가 확인: 같은 대표 결과에서 추천 이유가 후보당 근거 있는 0~2개인지, 근거 없으면 생략하고 확인된 사실·주 상태와 구분하는지 확인합니다. 신뢰 가능한 후보가 1~2개뿐인 경우에도 개수를 억지로 채우지 않습니다(17개 문구 전수 검증 제외). | F21: 검증 시 참고: 1차에서는 표시 정보의 사실 일치와 사용자가 이해할 수 있는지 확인하며, 세부 시각디자인 평가는 제외합니다. ‘Partly confirmed’→‘Details to confirm’, ‘Free or cheap’→‘Budget-friendly’는 확정 문구가 아닌 검토 제안입니다. 공통 문제·후속 조치: 발견 시 기록 (없으면 특이사항 없음) | G21: 확인 기준: 추천 이유는 확인된 요청·후보 근거와 규칙에 기반한 0~2개이며, 근거 없으면 생략하고 Fact·주 상태와 구별하는지 확인합니다. 1~2개 적합 후보를 억지로 채우지 않습니다. 검토 결과: 미실시 확인 내용: 실제 확인한 내용이나 문제를 간단히 기록 | H21: 확인 기준: 후보별 추천 이유가 주 상태·확인된 사실·미확인 안내와 혼동되지 않고, 이유가 0개여도 결과가 자연스럽고 1~2개 후보일 때 불필요한 채움이 없는지 확인합니다. 검토 결과: 미실시 확인 내용: 실제 확인한 내용이나 문제를 간단히 기록 | I21: 확인 기준: 표시된 판단정보가 근거와 맞고 공식 상세·예약·길찾기 링크가 올바르게 연결되는지 확인합니다. 검토 결과: 미실시 확인 내용: 실제 확인한 내용이나 문제를 간단히 기록 | J21: 미확인
A22: QA-A07 | B22: 1차/P0 | C22: LF-03 추천 0건·대안 | D22: 적합 후보가 없으면 무리하게 추천하지 않고 다음 행동을 안내해야 합니다. | E22: 유효한 조건에서 실제 추천 0건이 발생하는 대표 상황 1건을 재현해주세요. 기대: Hard 조건을 몰래 완화하지 않고 실패 원인·조건 수정 또는 명확히 구분된 대안을 안내합니다. | F22: 검증 시 참고: 입력 자체가 유효하지 않은 경우는 QA-A02에서 확인합니다. 여기서는 유효한 조건에 적합한 후보가 없을 때 필수 조건을 몰래 완화하지 않고 대안을 구분하는지 확인합니다. 적합한 후보가 1~2개만 남는 정상 결과와 강제 충원 금지 여부는 QA-A06의 추가 사례에서 확인합니다. 이 행은 후보 0건·대안 검증에 집중합니다. 공통 문제·후속 조치: 발견 시 기록 (없으면 특이사항 없음) | G22: 확인 기준: 추천 0건일 때 필수 조건을 몰래 완화하지 않고 대안을 별도로 안내하는지 확인합니다. 검토 결과: 미실시 확인 내용: 실제 확인한 내용이나 문제를 간단히 기록 | H22: 확인 기준: 0건인 이유와 조건 수정 또는 대안 확인 방법이 사용자에게 명확히 보이는지 확인합니다. 검토 결과: 미실시 확인 내용: 실제 확인한 내용이나 문제를 간단히 기록 | I22: 확인 기준: 유효한 요청의 0건 상황을 감지하고 억지 추천 없이 수정·대안 경로를 제공하는지 확인합니다. 검토 결과: 미실시 확인 내용: 실제 확인한 내용이나 문제를 간단히 기록 | J22: 미확인
A23: QA-A08 | B23: 1차/P0 | C23: LF-03 → LF-09 후보 선택·최종 저장 | D23: 후보 선택과 현재 선택의 최종 저장을 구분할 수 있어야 합니다. | E23: ① Select experience → Your pick / Not saved yet → Save choice로 첫 장소를 저장해주세요. ② 다른 장소 선택 후 저장 없이 돌아가주세요. ③ 다른 장소 선택 후 명시적으로 저장해주세요. 기대: 저장 전에는 기존 저장 선택이 유지되고 최종 저장 후에만 갱신됩니다. 저장 완료 피드백·재접근이 가능합니다. 추가 확인: ① 첫 추천부터 첫 Save choice 최종 저장까지 비회원으로 진행하고, 로그인 강제 없이 저장·재접근되는지 확인합니다. ②·③의 저장 전/후 기존 선택 보존 기준은 그대로 적용합니다. | F23: 검증 시 참고: LF-06 장소 상세 화면은 저장을 위한 필수 경유 화면이 아닙니다. ‘Select experience’는 후보 선택이며 최종 저장은 ‘Save choice’에서만 수행합니다. 비회원 첫 A 추천뿐 아니라 첫 Save choice 최종 저장도 로그인 없이 허용합니다. 두 번째 새 추천 요청의 로그인 Gate는 QA-P01에서 확인합니다. 공통 문제·후속 조치: 발견 시 기록 (없으면 특이사항 없음) | G23: 확인 기준: 후보 선택은 임시 상태이고 Save choice를 눌러야 최종 저장된다는 기준을 확인합니다. 검토 결과: 미실시 확인 내용: 실제 확인한 내용이나 문제를 간단히 기록 | H23: 확인 기준: 저장 전 상태와 저장 완료 안내, 현재 선택으로 다시 들어가는 흐름이 이해되는지 확인합니다. 검토 결과: 미실시 확인 내용: 실제 확인한 내용이나 문제를 간단히 기록 | I23: 확인 기준: 저장 없이 이탈하면 기존 선택을 유지하고 Save choice 이후에만 새 선택으로 바뀌는지 확인합니다. 검토 결과: 미실시 확인 내용: 실제 확인한 내용이나 문제를 간단히 기록 | J23: 미확인
A24: QA-A09 | B24: 후속/P1 | C24: LF-02 → LF-03 기존 일정 입력 | D24: 복합 자연어와 여러 기존 여행 일정을 반영할 수 있어야 합니다. | E24: 복수 일정·제약·모호한 표현을 입력해주세요. 기대: 확인된 조건을 유지하고 충돌·모호한 핵심값을 임의 추정하지 않으며 필요한 부분만 확인합니다. | F24: 검증 시 참고: QA-A03·A04보다 복잡한 복수 일정·조건 충돌을 다루는 후속 검증입니다. 기존 일정 입력 경로는 ‘+ Add plans you already have (optional)’를 기준으로 확인합니다. 공통 문제·후속 조치: 발견 시 기록 (없으면 특이사항 없음) | G24: 확인 기준: 복수 일정과 모호한 자연어를 해석할 때 핵심 충돌을 임의로 추정하지 않는지 확인합니다. 검토 결과: 미실시 확인 내용: 실제 확인한 내용이나 문제를 간단히 기록 | H24: — | I24: 확인 기준: 기존 일정 여러 개와 복합 조건을 처리하고, 충돌하거나 불명확한 값은 확인을 요청하는지 확인합니다. 검토 결과: 미실시 확인 내용: 실제 확인한 내용이나 문제를 간단히 기록 | J24: 미확인
A25: QA-A10 | B25: 후속/P1 | C25: LF-02 → LF-03 통합 지도 위치·경로 대체 안내 | D25: 위치 정확도나 신뢰 가능한 경로정보가 부족해도 적절한 대체 수단을 제공해야 합니다. | E25: GPS 정확도 저하, 실제 도보 경로선·이동시간 미확인 상황을 확인해주세요. 기대: 미확인 경로를 실제 경로처럼 표시하지 않고 출발점 수정·공식/외부 지도 확인 등 가능한 대체 수단을 제공합니다. | F25: 검증 시 참고: 위치 정확도 또는 도보 경로·이동시간이 미확인인 경우 이를 확정 정보처럼 표시하지 않습니다. 출발점 수정 또는 공식·외부 지도 확인 등 가능한 대체 수단을 점검합니다. 공통 문제·후속 조치: 발견 시 기록 (없으면 특이사항 없음) | G25: 확인 기준: 위치·도보 경로·이동시간이 미확인인 경우 확정 정보처럼 안내하지 않는지 확인합니다. 검토 결과: 미실시 확인 내용: 실제 확인한 내용이나 문제를 간단히 기록 | H25: 확인 기준: 위치 정확도 안내와 출발점 수정·외부 지도 확인 방법을 쉽게 찾을 수 있는지 확인합니다. 검토 결과: 미실시 확인 내용: 실제 확인한 내용이나 문제를 간단히 기록 | I25: 확인 기준: 위치 정확도 저하와 경로정보 부재를 처리하고 가능한 대체 안내로 연결하는지 확인합니다. 검토 결과: 미실시 확인 내용: 실제 확인한 내용이나 문제를 간단히 기록 | J25: 미확인
A26: QA-B01 | B26: 1차/P0 | C26: LF-04 Guided Chat 필수값 | D26: 대화로 날짜·시작점·시작 시각·종료 경계 4개 필수값을 확보하고 확인·수정할 수 있어야 합니다. | E26: 필수 4값 입력 → 누락값 확인 → 요약 확인·수정 → 생성 요청을 진행해주세요. 기대: 미확인 필수값이 있으면 임의 생성하지 않고 확인·수정한 값이 실제 생성에 적용됩니다. 추가 확인: 미래 날짜·모호한 시각을 포함한 대표 대화에서 누락·모호값만 질문하고 기존 값은 유지하세요. 해당 값 직접 수정·요약 확인 후 생성하며, 미래 날짜의 출발점을 현재 GPS로 자동 확정하지 않고 대화 입력창이 유지되는지 확인합니다. | F26: 검증 시 참고: B 첫 루트 생성은 비회원도 이용할 수 있어야 하므로 1차에서 함께 확인합니다(QA-P05의 최소 범위). 필수값을 확인하지 않은 채 임의로 루트를 만들었다면 문제로 기록합니다. Guided Chat 3+1은 LF-04의 대표 대화 상태이며 독립 화면 4개 구현을 뜻하지 않습니다. 미래 날짜의 출발점에 현재 GPS를 자동 가정하지 않습니다. 공통 문제·후속 조치: 발견 시 기록 (없으면 특이사항 없음) | G26: 확인 기준: 날짜·출발점·시작 시각·종료 경계의 필수 4값을 확인한 뒤 루트를 생성하는지 확인합니다. 검토 결과: 미실시 확인 내용: 실제 확인한 내용이나 문제를 간단히 기록 | H26: 확인 기준: S1 안내→S2 누락·모호값 확인→S3 생성 전 요약과 V1 해당 값 직접 수정이 한 대화 안에서 이해되고, 이미 받은 값·입력창이 유지되는지 확인합니다. 검토 결과: 미실시 확인 내용: 실제 확인한 내용이나 문제를 간단히 기록 | I26: 확인 기준: 필수값 누락·모호 시 필요한 값만 확인하고 기존 입력을 유지하며, 미래 날짜 GPS 자동 확정을 피하고 확인·수정된 4값으로만 루트를 생성하는지 확인합니다. 검토 결과: 미실시 확인 내용: 실제 확인한 내용이나 문제를 간단히 기록 | J26: 미확인
... A40: QA-C03 | B40: 후속/P2 | C40: A·B·로그인 주요 모바일 화면 | D40: 키보드·뒤로가기·지도 제스처·화면 크기 변화에서도 안정적으로 사용할 수 있어야 합니다. | E40: 키보드 가림, 뒤로가기 상태 손실, 지도·카드 조작 충돌, 작은 화면의 잘림을 확인해주세요. 기대: 입력·주요 버튼을 사용할 수 있고 중요 정보·저장 상태가 의도치 않게 손실되지 않습니다. | F40: 검증 시 참고: 키보드·뒤로가기·지도 제스처·화면 크기의 세부 안정성은 후속 점검입니다. 핵심 흐름을 막는 문제가 확인되면 QA-C01의 1차 이슈로 기록해 우선 대응합니다. 공통 문제·후속 조치: 발견 시 기록 (없으면 특이사항 없음) | G40: — | H40: 확인 기준: 키보드·뒤로가기·지도 제스처·작은 화면에서도 중요한 조작이 가능한지 확인합니다. 검토 결과: 미실시 확인 내용: 실제 확인한 내용이나 문제를 간단히 기록 | I40: 확인 기준: 모바일 입력·화면 이동·지도 조작 중 정보나 저장 상태가 손실되지 않는지 확인합니다. 검토 결과: 미실시 확인 내용: 실제 확인한 내용이나 문제를 간단히 기록 | J40: 미확인

Sheet 후속 점검 계획(가안)
A1: KONNECT · 후속 점검 계획(가안)
A2: 조회·협의용 | 후속 검증 후보 7개 | 실제 QA 수행·검토·판정은 「기능 점검표_v1」에서 관리 | QA-C02는 1차·후속 공통 1개 항목
A3: 후속 7개는 공식 2차 평가의 확정 범위가 아닙니다. 실제 범위·시점·추가 개발 여부는 세 명이 1차 결과를 보고 협의합니다.
A4: 1차에서 미충족·부분 충족 또는 P0 위험이 발견되면 우선 조치·재검증합니다. 후속 대상이라는 이유로 v1 필수 기능을 제외하지 않습니다.
A5: 이 탭은 후속 후보 7개를 조회하고 범위·일정을 협의하는 곳입니다. 실제 QA 테스트·담당자별 검토·최종 판정은 「기능 점검표_v1」에서 진행·기록합니다. 이 탭 B~F·H열은 원본 자동 조회이므로 수정하지 않고, G열만 협의 메모를 작성합니다. F열에는 일반 6개 QA의 원본 J열 최종 결과가 표시되며, QA-C02만 원본 F열의 ‘후속’ 단계 결과가 표시됩니다. 결과 수정은 항상 원본에서 합니다. AI 공동 편집 시에도 후속 탭의 조회 수식·연동·기본 구조는 변경하지 않고, 개선 사항은 팀에 먼저 제안합니다.
A6: 점검 ID | B6: 중요도 | C6: 관련 화면·흐름 | D6: 사용자 관점 요구사항 | E6: 후속 확인 방법·기대 결과 | F6: 원본 연동 결과 | G6: 후속 협의(범위·일정) | H6: 원본 QA 이동
A7: QA-A09 | B7: =IFERROR(__xludf.DUMMYFUNCTION("IFERROR(REGEXEXTRACT(INDEX('기능 점검표_v1'!$B$16:$B$40,MATCH($A7,'기능 점검표_v1'!$A$16:$A$40,0)),""P[012]""),""확인 필요"")"),"P1") -> P1 | C7: {=IFERROR(INDEX('기능 점검표_v1'!$C$16:$C$40,MATCH($A7,'기능 점검표_v1'!$A$16:$A$40,0)),"")} -> LF-02 → LF-03 기존 일정 입력 | D7: {=IFERROR(INDEX('기능 점검표_v1'!$D$16:$D$40,MATCH($A7,'기능 점검표_v1'!$A$16:$A$40,0)),"")} -> 복합 자연어와 여러 기존 여행 일정을 반영할 수 있어야 합니다. | E7: {=IFERROR(INDEX('기능 점검표_v1'!$E$16:$E$40,MATCH($A7,'기능 점검표_v1'!$A$16:$A$40,0)),"")} -> 복수 일정·제약·모호한 표현을 입력해주세요. 기대: 확인된 조건을 유지하고 충돌·모호한 핵심값을 임의 추정하지 않으며 필요한 부분만 확인합니다. | F7: =IFERROR(__xludf.DUMMYFUNCTION("IF($A7=""QA-C02"",IFERROR(REGEXEXTRACT(INDEX('기능 점검표_v1'!$F$16:$F$40,MATCH($A7,'기능 점검표_v1'!$A$16:$A$40,0)),""후속[:：] *([가-힣 ]+)""),""미확인""),IFERROR(INDEX('기능 점검표_v1'!$J$16:$J$40,MATCH($A7,'기능 점검표_v1'!$A$16:$A$40,0)),""미확인""))"),"미확인") -> 미확인 | G7: 복합 자연어·기존 일정의 심화 범위는 1차 결과를 보고 확정 | H7: 원본 항목 보기
A8: QA-A10 | B8: =IFERROR(__xludf.DUMMYFUNCTION("IFERROR(REGEXEXTRACT(INDEX('기능 점검표_v1'!$B$16:$B$40,MATCH($A8,'기능 점검표_v1'!$A$16:$A$40,0)),""P[012]""),""확인 필요"")"),"P1") -> P1 | C8: {=IFERROR(INDEX('기능 점검표_v1'!$C$16:$C$40,MATCH($A8,'기능 점검표_v1'!$A$16:$A$40,0)),"")} -> LF-02 → LF-03 통합 지도 위치·경로 대체 안내 | D8: {=IFERROR(INDEX('기능 점검표_v1'!$D$16:$D$40,MATCH($A8,'기능 점검표_v1'!$A$16:$A$40,0)),"")} -> 위치 정확도나 신뢰 가능한 경로정보가 부족해도 적절한 대체 수단을 제공해야 합니다. | E8: {=IFERROR(INDEX('기능 점검표_v1'!$E$16:$E$40,MATCH($A8,'기능 점검표_v1'!$A$16:$A$40,0)),"")} -> GPS 정확도 저하, 실제 도보 경로선·이동시간 미확인 상황을 확인해주세요. 기대: 미확인 경로를 실제 경로처럼 표시하지 않고 출발점 수정·공식/외부 지도 확인 등 가능한 대체 수단을 제공합니다. | F8: =IFERROR(__xludf.DUMMYFUNCTION("IF($A8=""QA-C02"",IFERROR(REGEXEXTRACT(INDEX('기능 점검표_v1'!$F$16:$F$40,MATCH($A8,'기능 점검표_v1'!$A$16:$A$40,0)),""후속[:：] *([가-힣 ]+)""),""미확인""),IFERROR(INDEX('기능 점검표_v1'!$J$16:$J$40,MATCH($A8,'기능 점검표_v1'!$A$16:$A$40,0)),""미확인""))"),"미확인") -> 미확인 | G8: 위치 정확도와 경로정보 제공 수준을 Tech와 확인 | H8: 원본 항목 보기
A9: QA-B06 | B9: =IFERROR(__xludf.DUMMYFUNCTION("IFERROR(REGEXEXTRACT(INDEX('기능 점검표_v1'!$B$16:$B$40,MATCH($A9,'기능 점검표_v1'!$A$16:$A$40,0)),""P[012]""),""확인 필요"")"),"P1") -> P1 | C9: {=IFERROR(INDEX('기능 점검표_v1'!$C$16:$C$40,MATCH($A9,'기능 점검표_v1'!$A$16:$A$40,0)),"")} -> LF-04·05·08 장소 제외·조건 변경 | D9: {=IFERROR(INDEX('기능 점검표_v1'!$D$16:$D$40,MATCH($A9,'기능 점검표_v1'!$A$16:$A$40,0)),"")} -> 장소 제외·조건 변경 후 유효한 루트를 재구성할 수 있어야 합니다. | E9: {=IFERROR(INDEX('기능 점검표_v1'!$E$16:$E$40,MATCH($A9,'기능 점검표_v1'!$A$16:$A$40,0)),"")} -> 장소 하나를 제외하거나 가용시간 등을 수정해 재구성해주세요. 기대: 수정하지 않은 유효 입력을 유지하고 제외 장소를 임의 재삽입하지 않으며 시간·이동·운영·비용을 재판단합니다. | F9: =IFERROR(__xludf.DUMMYFUNCTION("IF($A9=""QA-C02"",IFERROR(REGEXEXTRACT(INDEX('기능 점검표_v1'!$F$16:$F$40,MATCH($A9,'기능 점검표_v1'!$A$16:$A$40,0)),""후속[:：] *([가-힣 ]+)""),""미확인""),IFERROR(INDEX('기능 점검표_v1'!$J$16:$J$40,MATCH($A9,'기능 점검표_v1'!$A$16:$A$40,0)),""미확인""))"),"미확인") -> 미확인 | G9: 재구성 구현·일정 및 성공 사례 점검 범위 협의 | H9: 원본 항목 보기
A10: QA-B07 | B10: =IFERROR(__xludf.DUMMYFUNCTION("IFERROR(REGEXEXTRACT(INDEX('기능 점검표_v1'!$B$16:$B$40,MATCH($A10,'기능 점검표_v1'!$A$16:$A$40,0)),""P[012]""),""확인 필요"")"),"P0") -> P0 | C10: {=IFERROR(INDEX('기능 점검표_v1'!$C$16:$C$40,MATCH($A10,'기능 점검표_v1'!$A$16:$A$40,0)),"")} -> LF-05·08·09 실패 복구·상태 보존 | D10: {=IFERROR(INDEX('기능 점검표_v1'!$D$16:$D$40,MATCH($A10,'기능 점검표_v1'!$A$16:$A$40,0)),"")} -> 재구성 실패 후 이전 조건·루트·확정 선택을 잃지 않고 복구할 수 있어야 합니다. | E10: {=IFERROR(INDEX('기능 점검표_v1'!$E$16:$E$40,MATCH($A10,'기능 점검표_v1'!$A$16:$A$40,0)),"")} -> 새 루트를 만들지 못하는 상황에서 이전 루트·조건으로 돌아가주세요. 기대: 이전 결과를 새 조건에 맞는 정상 결과로 오인시키지 않고 명시적 선택 없이 기존 확정 루트를 교체·삭제하지 않습니다. | F10: =IFERROR(__xludf.DUMMYFUNCTION("IF($A10=""QA-C02"",IFERROR(REGEXEXTRACT(INDEX('기능 점검표_v1'!$F$16:$F$40,MATCH($A10,'기능 점검표_v1'!$A$16:$A$40,0)),""후속[:：] *([가-힣 ]+)""),""미확인""),IFERROR(INDEX('기능 점검표_v1'!$J$16:$J$40,MATCH($A10,'기능 점검표_v1'!$A$16:$A$40,0)),""미확인""))"),"미확인") -> 미확인 | G10: v1에 재구성 기능이 노출되면 1차 QA-B05에서 선택 보존 우선 확인 | H10: 원본 항목 보기
A11: QA-P05 | B11: =IFERROR(__xludf.DUMMYFUNCTION("IFERROR(REGEXEXTRACT(INDEX('기능 점검표_v1'!$B$16:$B$40,MATCH($A11,'기능 점검표_v1'!$A$16:$A$40,0)),""P[012]""),""확인 필요"")"),"P1") -> P1 | C11: {=IFERROR(INDEX('기능 점검표_v1'!$C$16:$C$40,MATCH($A11,'기능 점검표_v1'!$A$16:$A$40,0)),"")} -> LF-04·05·08 → 로그인 B 로그인 경계 | D11: {=IFERROR(INDEX('기능 점검표_v1'!$D$16:$D$40,MATCH($A11,'기능 점검표_v1'!$A$16:$A$40,0)),"")} -> 비회원에게 허용되는 현재 루트 작업과 새 후보 조합 생성을 구분해야 합니다. | E11: {=IFERROR(INDEX('기능 점검표_v1'!$E$16:$E$40,MATCH($A11,'기능 점검표_v1'!$A$16:$A$40,0)),"")} -> 첫 생성·확정, 현재 루트 수정·복구, 새 장소 조합 요청, 로그인 취소를 확인해주세요. 기대: 비회원 첫 생성·선택·현재 루트 편집을 허용하고 새 후보 조합 생성 직전에만 로그인 유도합니다. 취소 시 기존 상태를 유지합니다. | F11: =IFERROR(__xludf.DUMMYFUNCTION("IF($A11=""QA-C02"",IFERROR(REGEXEXTRACT(INDEX('기능 점검표_v1'!$F$16:$F$40,MATCH($A11,'기능 점검표_v1'!$A$16:$A$40,0)),""후속[:：] *([가-힣 ]+)""),""미확인""),IFERROR(INDEX('기능 점검표_v1'!$J$16:$J$40,MATCH($A11,'기능 점검표_v1'!$A$16:$A$40,0)),""미확인""))"),"미확인") -> 미확인 | G11: B 첫 생성·확정 비회원 허용은 1차 QA-B01·B05에서 확인 | H11: 원본 항목 보기
A12: QA-C02 | B12: =IFERROR(__xludf.DUMMYFUNCTION("IFERROR(REGEXEXTRACT(INDEX('기능 점검표_v1'!$B$16:$B$40,MATCH($A12,'기능 점검표_v1'!$A$16:$A$40,0)),""P[012]""),""확인 필요"")"),"P1") -> P1 | C12: {=IFERROR(INDEX('기능 점검표_v1'!$C$16:$C$40,MATCH($A12,'기능 점검표_v1'!$A$16:$A$40,0)),"")} -> A·B 추천 요청·결과 생성 시스템 오류·재시도 | D12: {=IFERROR(INDEX('기능 점검표_v1'!$D$16:$D$40,MATCH($A12,'기능 점검표_v1'!$A$16:$A$40,0)),"")} -> 시스템 실패 원인을 구분하고 재시도하거나 복귀할 수 있어야 합니다. | E12: {=IFERROR(INDEX('기능 점검표_v1'!$E$16:$E$40,MATCH($A12,'기능 점검표_v1'!$A$16:$A$40,0)),"")} -> 1차: 대표 시스템 처리 오류 1건을 재현해주세요. 무한 로딩 없이 오류 안내·재시도 또는 복귀가 가능해야 합니다. 후속: AI 처리 실패·외부 API 오류·네트워크 장애를 구분하여 상세 대응을 확인해주세요. | F12: =IFERROR(__xludf.DUMMYFUNCTION("IF($A12=""QA-C02"",IFERROR(REGEXEXTRACT(INDEX('기능 점검표_v1'!$F$16:$F$40,MATCH($A12,'기능 점검표_v1'!$A$16:$A$40,0)),""후속[:：] *([가-힣 ]+)""),""미확인""),IFERROR(INDEX('기능 점검표_v1'!$J$16:$J$40,MATCH($A12,'기능 점검표_v1'!$A$16:$A$40,0)),""미확인""))"),"미확인") -> 미확인 | G12: 1차 대표 오류 1건 확인 후 AI·API·네트워크 유형별 상세 점검. 원본 F열에 1차·후속 결과 구분 | H12: 원본 항목 보기
A13: QA-C03 | B13: =IFERROR(__xludf.DUMMYFUNCTION("IFERROR(REGEXEXTRACT(INDEX('기능 점검표_v1'!$B$16:$B$40,MATCH($A13,'기능 점검표_v1'!$A$16:$A$40,0)),""P[012]""),""확인 필요"")"),"P2") -> P2 | C13: {=IFERROR(INDEX('기능 점검표_v1'!$C$16:$C$40,MATCH($A13,'기능 점검표_v1'!$A$16:$A$40,0)),"")} -> A·B·로그인 주요 모바일 화면 | D13: {=IFERROR(INDEX('기능 점검표_v1'!$D$16:$D$40,MATCH($A13,'기능 점검표_v1'!$A$16:$A$40,0)),"")} -> 키보드·뒤로가기·지도 제스처·화면 크기 변화에서도 안정적으로 사용할 수 있어야 합니다. | E13: {=IFERROR(INDEX('기능 점검표_v1'!$E$16:$E$40,MATCH($A13,'기능 점검표_v1'!$A$16:$A$40,0)),"")} -> 키보드 가림, 뒤로가기 상태 손실, 지도·카드 조작 충돌, 작은 화면의 잘림을 확인해주세요. 기대: 입력·주요 버튼을 사용할 수 있고 중요 정보·저장 상태가 의도치 않게 손실되지 않습니다. | F13: =IFERROR(__xludf.DUMMYFUNCTION("IF($A13=""QA-C02"",IFERROR(REGEXEXTRACT(INDEX('기능 점검표_v1'!$F$16:$F$40,MATCH($A13,'기능 점검표_v1'!$A$16:$A$40,0)),""후속[:：] *([가-힣 ]+)""),""미확인""),IFERROR(INDEX('기능 점검표_v1'!$J$16:$J$40,MATCH($A13,'기능 점검표_v1'!$A$16:$A$40,0)),""미확인""))"),"미확인") -> 미확인 | G13: 모바일 세부 점검. 핵심 사용을 막는 오류는 1차 QA-C01에서 우선 처리 | H13: 원본 항목 보기
